City_ID,City,Lat,Lng,Max Temp,Humidity,Cloudiness,Wind Speed,Description
0,Bobon,12.52,124.56,76.5,91,88,4.34,overcast clouds
1,Chokurdakh,70.63,147.92,-14.55,90,74,3.83,broken clouds
2,Marinette,45.1,-87.63,51.8,57,1,11.41,clear sky
3,Busselton,-33.65,115.33,60.01,84,9,7.78,clear sky
4,Port Alfred,-33.59,26.89,66.74,82,1,24.72,clear sky
5,Ilulissat,69.22,-51.1,24.8,79,90,20.8,light shower snow
6,Prince Rupert,54.32,-130.32,42.8,93,90,16.11,light rain
7,Toamasina,-18.17,49.38,75.2,78,40,6.93,scattered clouds
8,Jamestown,42.1,-79.24,48.0,52,1,4.7,clear sky
9,Latehar,23.75,84.5,68.49,65,38,1.34,scattered clouds
10,Luanda,-8.84,13.23,80.6,78,40,11.41,scattered clouds
11,Punta Arenas,-53.15,-70.92,59.0,47,0,16.11,clear sky
12,Atuona,-9.8,-139.03,78.1,70,0,12.1,clear sky
13,Gorontalo,0.54,123.06,76.33,87,100,1.81,overcast clouds
14,Ushuaia,-54.8,-68.3,60.8,41,40,19.46,scattered clouds
15,Luganville,-15.53,167.17,75.2,94,75,6.22,broken clouds
16,Tasiilaq,65.61,-37.64,23.0,57,20,3.36,few clouds
17,Tautira,-17.73,-149.15,82.4,74,75,14.99,broken clouds
18,Chara,56.91,118.26,9.64,74,65,0.72,broken clouds
19,Broome,42.25,-75.83,45.0,75,40,11.41,scattered clouds
20,Thompson,55.74,-97.86,-2.2,77,40,4.7,scattered clouds
21,Katherine,-14.47,132.27,82.4,65,0,8.05,clear sky
22,Georgetown,5.41,100.34,78.8,88,20,3.36,few clouds
23,Flin Flon,54.77,-101.86,-0.4,84,20,8.05,few clouds
24,Vaini,-21.2,-175.2,77.0,88,75,9.17,broken clouds
25,Laguna,38.42,-121.42,62.01,43,1,3.36,clear sky
26,Port Elizabeth,-33.92,25.57,66.2,82,0,19.46,clear sky
27,West Bay,19.37,-81.42,86.0,74,20,6.93,few clouds
28,Rikitea,-23.12,-134.97,73.65,78,96,17.05,overcast clouds
29,Hagenow,53.43,11.18,46.0,96,99,4.0,overcast clouds
30,Satkhira,22.72,89.1,71.6,78,40,5.82,haze
31,Yatou,37.15,122.38,51.89,85,0,5.7,clear sky
32,Iqaluit,63.75,-68.51,14.0,72,90,10.29,light snow
33,Kodiak,57.79,-152.41,38.5,75,92,40.02,overcast clouds
34,Lebu,-37.62,-73.65,58.64,74,100,13.73,overcast clouds
35,Ukhta,63.57,53.68,19.51,94,13,7.27,few clouds
36,Albany,42.6,-73.97,48.99,63,100,1.01,overcast clouds
37,Bluff,-46.6,168.33,55.99,84,16,5.01,few clouds
38,Rudnogorsk,57.26,103.75,18.05,97,25,2.24,scattered clouds
39,Kawalu,-7.38,108.21,72.7,91,81,1.92,broken clouds
40,Puerto Ayora,-0.74,-90.35,75.2,69,75,10.29,broken clouds
41,Codrington,-38.27,141.97,54.79,85,100,10.0,overcast clouds
42,Tuatapere,-46.13,167.68,55.99,84,5,5.01,clear sky
43,Tuktoyaktuk,69.45,-133.04,1.4,84,75,17.22,mist
44,Aklavik,68.22,-135.01,6.8,84,75,10.29,broken clouds
45,Murgab,37.5,61.97,48.2,87,40,4.7,scattered clouds
46,Saskylakh,71.92,114.08,-12.78,89,60,1.43,broken clouds
47,Severo-Kurilsk,50.68,156.12,36.84,81,58,10.76,broken clouds
48,Yellowknife,62.46,-114.35,17.01,92,90,17.22,light snow
49,Saint-Pierre,-21.34,55.48,75.2,78,75,3.36,broken clouds
50,Felanitx,39.47,3.15,62.6,82,40,5.82,scattered clouds
51,Mataura,-46.19,168.86,55.99,84,36,5.01,scattered clouds
52,Qinhuangdao,39.93,119.59,47.7,50,0,8.88,clear sky
53,Villefranche-De-Rouergue,44.33,2.0,51.01,81,0,6.93,clear sky
54,Price,39.6,-110.81,33.8,50,1,4.7,clear sky
55,Norman Wells,65.28,-126.83,5.0,84,75,7.9,broken clouds
56,New Norfolk,-42.78,147.06,60.01,68,92,1.99,overcast clouds
57,Tiksi,71.69,128.87,2.35,93,96,2.91,overcast clouds
58,Lompoc,34.64,-120.46,64.0,42,1,3.36,clear sky
59,Half Moon Bay,37.46,-122.43,61.0,54,1,6.93,clear sky
60,Zhanakorgan,43.91,67.25,27.88,90,0,3.27,clear sky
61,Mnogovershinnyy,53.94,139.92,21.67,96,100,2.46,overcast clouds
62,Faanui,-16.48,-151.75,79.23,76,55,8.81,light rain
63,Hilo,19.73,-155.09,77.0,73,90,6.93,moderate rain
64,Lieksa,63.32,30.02,40.66,92,84,8.7,broken clouds
65,Barrow,71.29,-156.79,12.2,78,90,13.87,overcast clouds
66,Boueni,-12.9,45.08,77.0,88,0,3.36,clear sky
67,Gambo,4.65,22.26,71.26,67,15,2.77,few clouds
68,Avarua,-21.21,-159.78,77.0,83,73,5.82,light rain
69,Saurimo,-9.66,20.39,65.37,94,3,2.42,clear sky
70,Kapaa,22.08,-159.32,78.8,65,40,19.46,light rain
71,Qaanaaq,77.48,-69.36,7.21,78,99,7.0,overcast clouds
72,Cayenne,4.93,-52.33,84.2,79,0,5.82,clear sky
73,Mahebourg,-20.41,57.7,75.2,83,40,13.87,shower rain
74,Nakusp,50.25,-117.8,35.6,69,100,2.24,overcast clouds
75,Puerto Penasco,31.32,-113.53,66.99,41,100,1.99,overcast clouds
76,Airai,-8.93,125.41,62.06,80,93,2.24,overcast clouds
77,Bouna,9.27,-3.0,80.2,34,75,4.05,broken clouds
78,Hobart,-42.88,147.33,60.8,51,75,8.05,broken clouds
79,Isangel,-19.55,169.27,76.68,75,81,6.93,light rain
80,Saint-Philippe,-21.36,55.77,75.2,78,75,3.36,broken clouds
81,Longyearbyen,78.22,15.64,33.8,96,75,3.36,broken clouds
82,Cape Town,-33.93,18.42,73.0,60,0,4.7,clear sky
83,Walvis Bay,-22.96,14.51,61.0,82,3,10.29,clear sky
84,Honiara,-9.43,159.95,75.2,100,75,4.7,heavy intensity rain
85,Portobelo,9.55,-79.65,81.0,81,94,4.0,overcast clouds
86,Hithadhoo,-0.6,73.08,81.54,78,100,10.25,overcast clouds
87,Mar Del Plata,-38.0,-57.56,69.8,73,0,17.22,clear sky
88,Suba,10.84,121.01,82.53,81,100,14.2,overcast clouds
89,Shenzhen,22.55,114.07,71.01,63,63,1.01,broken clouds
90,Vila Velha,-20.33,-40.29,80.6,69,20,17.22,few clouds
91,Fairview,40.81,-74.0,50.0,76,90,9.17,overcast clouds
92,Grand Gaube,-20.01,57.66,75.99,77,1,1.99,clear sky
93,Ingham,42.6,-84.38,50.0,50,1,4.36,clear sky
94,Zhigalovo,54.81,105.16,20.64,93,74,2.59,broken clouds
95,Kolyvan,55.31,82.74,26.6,92,90,11.18,light snow
96,Barra Do Garcas,-15.89,-52.26,89.6,49,40,4.7,scattered clouds
97,Seryshevo,51.09,128.38,19.56,95,94,10.22,overcast clouds
98,Naze,28.37,129.48,69.8,68,20,17.22,few clouds
99,San Cristobal,7.77,-72.22,84.2,62,40,9.17,scattered clouds
100,Sao Jose Da Coroa Grande,-8.9,-35.15,78.57,77,4,8.9,clear sky
101,Port-Cartier,50.03,-66.87,41.0,56,75,9.17,broken clouds
102,Shamkhal,43.06,47.34,35.6,69,0,11.18,clear sky
103,Akyab,20.15,92.9,77.0,78,0,5.59,clear sky
104,Waipawa,-41.41,175.52,59.0,77,13,23.04,few clouds
105,Svit,49.06,20.21,37.99,87,90,3.36,overcast clouds
106,Fare,-16.7,-151.02,79.99,75,89,11.74,moderate rain
107,Atyrau,47.12,51.88,30.2,68,75,6.71,broken clouds
108,Ancud,-41.87,-73.82,64.99,55,75,10.29,broken clouds
109,Kalmunai,7.42,81.82,80.26,82,34,3.31,scattered clouds
110,Bandarbeyla,9.49,50.81,76.39,80,27,16.93,scattered clouds
111,Ornskoldsvik,63.29,18.72,39.2,93,100,9.17,overcast clouds
112,Maputo,-25.97,32.59,80.6,78,40,9.17,scattered clouds
113,Hamilton,39.18,-84.53,55.0,46,1,4.7,clear sky
114,Oranjemund,-28.55,16.43,69.48,48,0,5.03,clear sky
115,Gumla,23.05,84.55,66.0,68,8,4.45,clear sky
116,Sioux Lookout,50.1,-91.92,26.6,86,90,10.29,overcast clouds
117,Sulangan,11.14,123.72,82.51,75,100,1.95,overcast clouds
118,Komsomolskiy,40.43,71.72,42.8,87,90,9.17,moderate rain
119,Pangnirtung,66.15,-65.71,10.4,66,90,2.24,light snow
120,Macomb,40.46,-90.67,55.0,54,1,16.11,clear sky
121,Mitsamiouli,-11.38,43.28,79.32,75,99,4.94,overcast clouds
122,Nouadhibou,20.93,-17.03,82.4,26,100,6.93,overcast clouds
123,Salalah,17.02,54.09,80.6,69,20,3.36,few clouds
124,Gravdal,68.12,13.5,48.2,66,75,11.41,broken clouds
125,Abha,18.22,42.51,62.6,87,0,5.82,clear sky
126,Pontianak,-0.03,109.33,76.33,94,88,2.21,overcast clouds
127,Grindavik,63.84,-22.43,41.0,86,90,25.28,overcast clouds
128,Dubbo,-32.25,148.62,64.4,77,90,9.04,overcast clouds
129,Calabozo,8.92,-67.43,85.86,73,38,4.23,scattered clouds
130,San Francisco Del Mar,16.23,-94.65,87.66,60,17,1.66,few clouds
131,Kourou,5.16,-52.65,84.2,79,0,5.82,clear sky
132,Filadelfia,39.95,-75.16,52.0,76,90,12.75,overcast clouds
133,Leshan,29.56,103.76,64.02,67,79,0.98,broken clouds
134,Carnarvon,-24.87,113.63,64.4,77,40,12.75,scattered clouds
135,Hasaki,35.73,140.83,44.6,87,40,6.93,scattered clouds
136,Dingle,11.0,122.67,75.49,91,85,2.04,light rain
137,Clyde River,70.47,-68.59,-2.2,64,20,21.92,few clouds
138,Gimli,50.63,-96.99,19.4,67,100,8.05,overcast clouds
139,Coquimbo,-29.95,-71.34,59.0,77,75,11.41,broken clouds
140,Peno,56.93,32.74,35.11,93,100,3.18,overcast clouds
141,Nabire,-3.37,135.48,75.13,85,100,3.29,light rain
142,Champerico,14.3,-91.92,86.0,66,40,11.41,scattered clouds
143,Pochutla,15.74,-96.47,89.6,59,20,8.05,few clouds
144,Leshukonskoye,64.9,45.76,32.68,98,100,2.39,overcast clouds
145,Ifanadiana,-21.3,47.63,67.66,90,39,1.99,scattered clouds
146,Provost,52.35,-110.27,5.0,84,88,14.99,overcast clouds
147,College,64.86,-147.8,14.0,84,75,1.66,mist
148,Castro,-24.79,-50.01,71.8,77,100,3.76,overcast clouds
149,La Ronge,55.1,-105.28,5.0,71,96,10.29,overcast clouds
150,Talnakh,69.49,88.4,-9.4,76,66,15.66,broken clouds
151,Berlevag,70.86,29.09,33.8,79,75,19.46,broken clouds
152,Bahia De Caraquez,-0.6,-80.42,80.6,69,75,8.05,broken clouds
153,Cherskiy,68.75,161.3,4.73,95,100,9.08,overcast clouds
154,Torbay,47.67,-52.73,55.0,93,75,25.28,broken clouds
155,Canavieiras,-15.68,-38.95,84.2,66,20,13.87,few clouds
156,Cabo San Lucas,22.89,-109.91,82.0,50,40,3.36,scattered clouds
157,Ponta Do Sol,32.67,-17.1,68.0,72,20,2.24,few clouds
158,Arraial Do Cabo,-22.97,-42.03,82.4,78,75,6.93,broken clouds
159,Hami,42.8,93.45,34.79,78,0,0.56,clear sky
160,Along,28.17,94.77,56.79,63,0,1.81,clear sky
161,Saint George,37.1,-113.58,54.0,39,1,3.36,clear sky
162,Belmonte,-15.86,-38.88,84.2,66,20,13.87,few clouds
163,Kruisfontein,-34.0,24.73,66.99,81,0,1.01,clear sky
164,Pevek,69.7,170.31,8.26,94,38,7.29,scattered clouds
165,Hermanus,-34.42,19.23,66.0,77,8,8.52,clear sky
166,Kendari,-3.94,122.5,79.12,83,47,2.55,scattered clouds
167,Bosaso,11.28,49.18,75.83,77,1,2.13,clear sky
168,Fairbanks,64.84,-147.72,14.0,84,75,1.54,fog
169,Cidreira,-30.18,-50.21,70.9,81,29,7.78,scattered clouds
170,Kyren,51.68,102.14,31.96,83,15,3.0,few clouds
171,Victoria,22.29,114.16,72.0,59,63,1.01,broken clouds
172,Bengkulu,-3.8,102.27,76.01,87,36,3.89,scattered clouds
173,Diffa,13.32,12.61,80.46,23,0,5.06,clear sky
174,Husavik,66.04,-17.34,37.4,74,90,5.82,overcast clouds
175,Alta Floresta,-9.88,-56.09,81.63,71,100,4.0,light rain
176,Sonamura,23.47,91.27,70.0,91,21,4.59,few clouds
177,Batagay-Alyta,67.8,130.41,-4.97,88,99,1.92,overcast clouds
178,Tezu,27.92,96.17,67.55,53,0,3.15,clear sky
179,Timra,62.49,17.33,41.0,93,100,10.29,overcast clouds
180,Hammond,41.58,-87.5,52.0,50,1,8.05,clear sky
181,Bethel,41.37,-73.41,45.0,87,90,10.29,moderate rain
182,Krasnyy Oktyabr,56.12,38.88,32.94,96,83,4.5,broken clouds
183,Povenets,62.85,34.83,35.55,92,95,6.15,overcast clouds
184,Port Shepstone,-30.74,30.45,67.71,77,95,15.64,overcast clouds
185,Troitskoye,52.98,84.68,29.59,92,94,23.42,overcast clouds
186,Berdigestyakh,62.1,126.7,13.62,96,96,6.13,light snow
187,Fortuna,40.6,-124.16,57.99,62,1,2.84,clear sky
188,Kayerkan,69.35,87.76,-9.4,76,60,15.66,broken clouds
189,Ribeira Grande,38.52,-28.7,60.8,82,40,9.78,scattered clouds
190,Nikolskoye,59.7,30.79,41.0,86,90,3.31,overcast clouds
191,Sitka,57.05,-135.33,41.0,86,75,8.05,moderate rain
192,Tocopilla,-22.09,-70.2,68.74,43,21,6.46,few clouds
193,Manzil Salim,35.86,8.48,57.2,41,20,4.7,few clouds
194,Souillac,-20.52,57.52,75.2,83,40,13.87,shower rain
195,Upernavik,72.79,-56.15,18.45,96,100,22.79,light snow
196,Carutapera,-1.2,-46.02,83.03,71,87,7.78,overcast clouds
197,Kieta,-6.22,155.63,79.75,80,46,4.97,light rain
198,Lethem,3.38,-59.8,91.17,52,100,6.98,moderate rain
199,Flinders,-34.58,150.86,69.01,88,100,1.01,light rain
200,Puerto Baquerizo Moreno,-0.9,-89.6,71.6,88,90,5.82,light rain
201,Bredasdorp,-34.53,20.04,66.0,77,10,3.2,clear sky
202,Santa Cruz,-17.8,-63.17,86.0,51,75,10.29,broken clouds
203,North Bend,43.41,-124.22,51.01,87,75,9.17,broken clouds
204,Vapnyarka,48.53,28.74,37.99,78,100,9.15,overcast clouds
205,Cap Malheureux,-19.98,57.61,75.99,77,0,1.99,clear sky
206,Susanville,40.42,-120.65,39.2,51,1,2.66,clear sky
207,Penzance,50.12,-5.54,53.6,93,40,18.34,scattered clouds
208,Wunsiedel,50.03,12.02,43.0,95,89,3.0,overcast clouds
209,Barghat,22.03,79.72,67.08,86,12,3.02,few clouds
210,Abu Dhabi,24.47,54.37,82.4,74,0,5.82,clear sky
211,Tazovskiy,67.47,78.7,-8.1,91,73,8.86,broken clouds
212,Pervomayskoye,43.92,46.71,33.12,85,0,0.6,clear sky
213,Butaritari,3.07,172.79,80.82,77,100,13.53,overcast clouds
214,Galeana,24.83,-100.07,79.0,28,14,1.01,few clouds
215,Shingu,33.73,135.98,57.45,89,80,8.81,broken clouds
216,Noyabrsk,63.2,75.45,2.57,94,96,6.73,overcast clouds
217,Port Macquarie,-31.43,152.92,64.99,88,100,11.41,overcast clouds
218,Gonbad-E Qabus,37.25,55.17,52.92,61,99,0.45,overcast clouds
219,Roald,62.58,6.13,55.4,50,0,11.41,clear sky
220,Selma,36.57,-119.61,59.0,44,75,1.1,broken clouds
221,Warrington,53.39,-2.58,52.0,81,100,11.41,overcast clouds
222,Klaksvik,62.23,-6.59,48.2,93,100,23.04,moderate rain
223,The Valley,18.22,-63.06,86.0,70,40,16.11,scattered clouds
224,Poddorye,57.47,31.12,38.07,90,99,3.58,overcast clouds
225,Sisimiut,66.94,-53.67,27.28,91,100,20.33,light snow
226,Wasilla,61.58,-149.44,32.0,92,90,2.91,snow
227,Coahuayana,18.73,-103.68,80.6,69,20,6.93,few clouds
228,Paita,-5.09,-81.11,78.8,54,40,20.8,scattered clouds
229,Dikson,73.51,80.55,3.92,95,77,2.68,broken clouds
230,Urumqi,43.8,87.6,35.6,59,0,4.47,clear sky
231,Inuvik,68.35,-133.72,3.2,77,100,5.82,overcast clouds
232,Los Llanos De Aridane,28.66,-17.92,71.6,83,0,1.07,clear sky
233,Ruteng,-8.61,120.47,64.45,100,33,1.83,scattered clouds
234,Kerch,45.36,36.48,47.88,63,0,18.3,clear sky
235,Da Nang,16.07,108.22,71.6,88,40,2.24,scattered clouds
236,Tezpur,26.63,92.8,63.37,80,0,3.87,clear sky
237,Khatanga,71.97,102.5,-11.6,90,0,8.43,clear sky
238,Benguela,-12.58,13.41,78.71,78,88,4.41,moderate rain
239,Troitsko-Pechorsk,62.71,56.2,17.65,94,98,6.55,overcast clouds
240,Rocha,-34.48,-54.33,69.22,76,33,11.3,scattered clouds
241,Pacific Grove,36.62,-121.92,61.0,62,1,3.36,clear sky
242,Hauterive,46.09,3.45,50.0,71,75,4.7,broken clouds
243,Kutum,14.2,24.67,68.22,24,1,12.57,clear sky
244,Whitehorse,60.72,-135.05,23.0,79,75,17.22,broken clouds
245,Tawang,27.58,91.87,40.53,62,0,5.46,clear sky
246,Springfield,37.22,-93.3,59.0,35,90,9.17,overcast clouds
247,Acapulco,16.86,-99.89,86.0,66,5,5.82,clear sky
248,Yulara,-25.24,130.99,68.0,28,0,6.93,clear sky
249,Greytown,-29.06,30.59,56.28,95,53,1.61,broken clouds
250,Salinas,36.68,-121.66,62.6,45,1,2.68,clear sky
251,Tamale,9.4,-0.84,84.38,29,0,3.33,clear sky
252,Shache,38.42,77.24,30.15,86,28,2.35,scattered clouds
253,Zhigansk,66.77,123.37,6.87,95,100,12.06,light snow
254,Anchorage,61.22,-149.9,33.01,96,90,4.7,light snow
255,Tucson,32.22,-110.93,71.6,20,20,1.57,few clouds
256,Baykit,61.67,96.37,16.63,93,82,3.51,broken clouds
257,Lavrentiya,65.58,-171.0,30.4,94,100,21.47,overcast clouds
258,Hastings,50.86,0.57,53.01,72,72,5.99,broken clouds
259,Nome,64.5,-165.41,30.2,92,90,3.15,mist
260,Cururupu,-1.83,-44.87,81.82,77,33,5.08,scattered clouds
261,San Patricio,28.02,-97.52,86.0,61,75,11.41,broken clouds
262,Merauke,-8.47,140.33,77.0,82,0,10.65,clear sky
263,East London,-33.02,27.91,67.14,80,34,19.3,scattered clouds
264,Kohat,33.58,71.45,59.0,67,40,4.7,haze
265,Majene,-3.54,118.97,79.54,81,15,3.98,few clouds
266,Vostok,46.49,135.88,29.61,99,100,10.65,overcast clouds
267,Campbellsville,37.34,-85.34,55.99,47,1,5.82,clear sky
268,Sorland,67.67,12.69,48.2,76,75,24.16,broken clouds
269,Bandiagara,14.35,-3.61,78.69,17,0,8.99,clear sky
270,Arak,34.09,49.69,44.91,77,100,2.75,moderate rain
271,Bambous Virieux,-20.34,57.76,75.99,83,40,13.87,shower rain
272,Zyryanka,65.75,150.85,-17.23,89,33,3.06,scattered clouds
273,Davila,18.47,120.58,80.26,83,95,22.7,overcast clouds
274,Nuevitas,21.55,-77.26,86.0,66,40,12.75,scattered clouds
275,Necochea,-38.55,-58.74,74.61,57,46,13.51,scattered clouds
276,Portland,45.52,-122.68,46.0,75,75,4.7,broken clouds
277,Saint-Augustin,51.23,-58.65,39.25,71,0,11.16,clear sky
278,Haines Junction,60.75,-137.51,19.4,79,93,1.12,overcast clouds
279,Nantucket,41.28,-70.1,57.2,87,90,16.11,moderate rain
280,Redcliffe,-27.23,153.1,66.99,82,75,4.7,broken clouds
281,Quelimane,-17.88,36.89,80.6,78,40,9.17,scattered clouds
282,Dongsheng,39.82,109.98,35.1,72,0,4.99,clear sky
283,Santa Marta,11.24,-74.2,82.99,74,97,6.22,light rain
284,Omsukchan,62.53,155.8,-12.84,85,100,4.79,overcast clouds
285,Matagami,49.75,-77.63,39.2,76,75,10.29,broken clouds
286,Otradnoye,59.78,30.82,41.0,98,66,3.36,broken clouds
287,Tigil,57.8,158.67,18.79,97,82,1.19,light snow
288,Calvia,39.57,2.51,63.0,77,95,5.82,overcast clouds
289,Bilma,18.69,12.92,71.4,29,0,4.47,clear sky
290,Tura,25.52,90.22,65.32,76,0,4.79,clear sky
291,Ossora,59.24,163.07,19.4,83,1,4.94,clear sky
292,Mount Isa,-20.73,139.5,75.2,78,0,11.41,clear sky
293,Jiuquan,39.74,98.52,31.46,78,0,3.18,clear sky
294,Kirakira,-10.45,161.92,82.58,78,100,4.65,light rain
295,Salta,-24.79,-65.41,78.8,54,75,11.41,broken clouds
296,Oda,35.18,132.5,52.3,69,0,5.46,clear sky
297,Omboue,-1.57,9.26,77.65,90,100,4.76,light rain
298,Piacabucu,-10.41,-36.43,78.49,76,0,11.21,clear sky
299,Tevaitoa,-16.78,-151.5,79.95,77,67,11.3,light rain
300,Oriximina,-1.77,-55.87,93.38,42,28,6.38,scattered clouds
301,Sao Filipe,14.9,-24.5,80.96,67,0,3.27,clear sky
302,Sancti Spiritus,21.93,-79.44,82.8,78,79,5.26,broken clouds
303,Suhut,38.53,30.55,44.06,64,0,1.72,clear sky
304,Surt,31.21,16.59,68.94,75,16,9.37,light rain
305,Celestun,20.87,-90.4,82.04,77,100,7.81,overcast clouds
306,Morehead,37.27,-87.18,59.0,30,1,6.93,clear sky
307,Sao Joao Da Barra,-21.64,-41.05,80.6,74,75,11.41,broken clouds
308,Kazachinskoye,57.7,93.28,26.65,97,100,8.95,snow
309,Maniitsoq,65.42,-52.9,24.75,96,99,11.21,snow
310,Eyl,7.98,49.82,77.59,77,100,16.35,overcast clouds
311,Katsuura,35.13,140.3,54.0,58,75,9.17,broken clouds
312,Kallaste,58.66,27.16,39.2,86,90,5.82,overcast clouds
313,Mikuni,36.22,136.15,42.8,100,40,2.24,scattered clouds
314,Chuy,-33.7,-53.46,68.32,80,5,12.8,clear sky
315,Pangai,-19.8,-174.35,78.8,88,75,17.22,broken clouds
316,Karratha,-20.74,116.85,73.74,31,0,10.16,light rain
317,Seydi,39.48,62.91,33.84,79,0,7.54,clear sky
318,Provideniya,64.38,-173.3,32.0,96,90,15.66,light snow
319,Tabuk,17.42,121.44,73.33,91,100,2.08,heavy intensity rain
320,Namatanai,-3.67,152.43,79.84,79,93,0.89,overcast clouds
321,Ikwiriri,-7.96,38.97,74.12,96,100,3.02,overcast clouds
322,Yar-Sale,66.83,70.83,0.48,93,96,8.5,overcast clouds
323,Warri,5.52,5.75,78.67,88,59,2.62,broken clouds
324,Vanimo,-2.67,141.3,76.73,80,76,3.74,broken clouds
325,Vanavara,60.34,102.28,19.44,96,93,8.9,overcast clouds
326,Sortavala,61.71,30.69,40.32,93,93,6.2,overcast clouds
327,Ongandjera,-17.88,15.07,78.19,48,100,5.57,light rain
328,Anadyr,64.75,177.48,19.4,92,40,11.18,light snow
329,Khandyga,62.67,135.6,2.98,92,100,2.37,overcast clouds
330,Havelock,34.88,-76.9,64.4,100,90,25.28,heavy intensity rain
331,Gavle,60.67,17.14,41.0,89,100,1.99,overcast clouds
332,Bend,44.06,-121.32,37.99,64,1,4.7,clear sky
333,Boende,-0.22,20.87,76.24,74,100,1.01,overcast clouds
334,Buraydah,26.33,43.98,71.6,88,40,13.87,scattered clouds
335,Tiarei,-17.53,-149.33,82.4,74,75,14.99,broken clouds
336,Axim,4.87,-2.24,79.52,84,7,6.31,clear sky
337,Kamaishi,39.27,141.88,45.77,76,0,6.17,clear sky
338,Mardin,37.31,40.74,54.14,42,0,7.43,clear sky
339,Shimoda,34.67,138.95,48.0,88,39,11.56,scattered clouds
340,Aksu,41.12,80.26,36.41,59,97,0.56,overcast clouds
341,Puerto Escondido,15.85,-97.07,86.0,66,40,11.41,scattered clouds
342,San Borja,-14.82,-66.85,95.0,50,75,6.93,shower rain
343,Poum,-20.23,164.02,76.37,77,55,16.4,light rain
344,Ahipara,-35.17,173.17,62.17,70,1,2.95,clear sky
345,Ponta Delgada,37.73,-25.67,57.2,76,20,5.82,few clouds
346,Harper,4.38,-7.72,78.37,87,100,6.62,moderate rain
347,Taybad,34.74,60.78,42.6,87,100,11.59,overcast clouds
348,Sangar,63.92,127.47,5.38,94,100,10.89,overcast clouds
349,Shebunino,46.43,141.86,51.37,83,100,22.5,moderate rain
350,Lagoa,39.05,-27.98,63.12,81,0,12.01,clear sky
351,Basco,20.45,121.97,78.39,87,100,21.16,heavy intensity rain
352,Sonoita,31.85,-112.83,70.0,16,100,1.77,overcast clouds
353,Russell,32.35,-85.2,78.8,61,1,11.41,clear sky
354,Kahului,20.89,-156.47,80.6,61,40,17.22,scattered clouds
355,Karwar,14.8,74.13,78.3,77,3,5.5,clear sky
356,Beringovskiy,63.05,179.32,19.72,96,100,15.57,light snow
357,Mayo,38.89,-76.51,55.99,93,90,14.99,overcast clouds
358,Altay,47.87,88.12,41.13,62,100,7.43,overcast clouds
359,Lai,9.4,16.3,81.03,32,44,3.0,scattered clouds
360,Champoton,19.35,-90.72,84.2,70,20,5.82,few clouds
361,Chegdomyn,51.12,133.02,26.31,98,100,2.57,light snow
362,Ladson,32.99,-80.11,77.0,88,90,5.82,moderate rain
363,Lorengau,-2.02,147.27,82.4,71,99,5.35,overcast clouds
364,Cristalina,-16.77,-47.61,77.11,65,18,2.04,moderate rain
365,Makakilo City,21.35,-158.09,80.6,61,75,9.17,broken clouds
366,Filingue,14.35,3.32,82.35,17,99,5.91,overcast clouds
367,Oga,46.46,10.35,37.99,73,0,2.24,clear sky
368,Bilibino,68.05,166.44,2.25,89,100,5.08,overcast clouds
369,Kuala Terengganu,5.33,103.14,77.0,100,20,2.1,few clouds
370,Gamboula,4.12,15.14,71.94,78,26,1.07,scattered clouds
371,Pekan,3.48,103.4,77.0,94,20,4.7,few clouds
372,Asau,46.43,26.4,37.4,100,0,4.7,clear sky
373,Zatoka,46.07,30.47,46.4,61,75,4.47,broken clouds
374,Manta,-0.95,-80.73,80.6,69,75,8.05,broken clouds
375,Maragogi,-9.01,-35.22,78.19,79,0,9.22,clear sky
376,Gazojak,41.19,61.4,30.49,86,0,4.94,clear sky
377,Evensk,61.95,159.23,1.02,85,13,10.42,few clouds
378,Beyneu,45.32,55.2,30.16,87,89,3.58,overcast clouds
379,Camacha,33.08,-16.33,68.0,82,40,9.17,scattered clouds
380,Huilong,31.81,121.66,60.01,85,0,5.17,clear sky
381,Alofi,-19.06,-169.92,78.8,83,75,14.99,broken clouds
382,Rocky Mountain House,52.37,-114.92,24.8,62,84,2.24,broken clouds
383,Muros,42.78,-9.06,57.99,88,100,7.31,overcast clouds
384,Batemans Bay,-35.72,150.18,64.0,97,84,2.68,broken clouds
385,Gafanha Da Encarnacao,40.62,-8.73,60.01,86,99,1.19,overcast clouds
386,Saint Anthony,45.02,-93.22,28.99,74,90,6.93,overcast clouds
387,Svetlaya,46.54,138.33,42.67,77,99,9.37,overcast clouds
388,Maridi,4.92,29.47,71.35,74,28,2.73,scattered clouds
389,San Juan De Uraba,8.76,-76.53,84.02,70,51,7.56,broken clouds
390,Bathsheba,13.22,-59.52,86.0,70,20,12.75,few clouds
391,Leua,48.22,18.61,46.0,95,100,1.99,overcast clouds
392,Hambantota,6.12,81.12,78.35,83,91,4.09,overcast clouds
393,Leningradskiy,69.38,178.42,17.78,94,100,8.57,light snow
394,Atar,20.52,-13.05,85.98,14,99,8.84,overcast clouds
395,Luderitz,-26.65,15.16,63.19,69,0,1.77,clear sky
396,Narsaq,60.92,-46.05,21.2,53,20,1.12,few clouds
397,Te Karaka,-38.47,177.87,69.44,51,0,1.34,clear sky
398,Nara,34.69,135.8,55.0,76,0,2.91,clear sky
399,Bitung,1.45,125.18,73.4,94,20,2.24,few clouds
400,Bulaevo,54.91,70.44,22.55,94,85,11.56,overcast clouds
401,Semey,50.41,80.23,30.09,89,30,9.64,scattered clouds
402,Itupiranga,-5.13,-49.33,95.0,50,40,3.36,scattered clouds
403,Varhaug,58.61,5.65,48.99,83,100,5.99,overcast clouds
404,Olafsvik,64.89,-23.71,38.1,82,100,23.78,overcast clouds
405,Port Hardy,50.7,-127.42,42.8,93,90,20.8,overcast clouds
406,Geraldton,-28.77,114.6,59.0,87,75,5.82,broken clouds
407,Gueret,46.17,1.87,53.6,76,0,2.24,clear sky
408,Namibe,-15.2,12.15,71.96,80,80,4.09,broken clouds
409,Ixtapa,20.7,-105.2,84.2,62,5,10.29,clear sky
410,Puerto Carreno,6.19,-67.49,92.35,53,1,3.6,light rain
411,Havre,49.58,0.33,51.8,76,0,6.93,clear sky
412,Vorozhba,51.17,34.22,29.61,93,66,3.18,broken clouds
413,Gigmoto,13.78,124.39,80.08,84,46,7.4,scattered clouds
414,Brae,60.4,-1.35,50.0,87,40,11.41,scattered clouds
415,Marang,5.21,103.21,77.0,100,20,2.98,few clouds
416,Mana,5.66,-53.78,81.46,82,97,10.47,overcast clouds
417,Mutoko,-17.4,32.23,66.61,76,100,8.84,overcast clouds
418,Inhambane,-23.86,35.38,69.06,76,23,10.07,few clouds
419,San Rafael Del Sur,11.85,-86.44,87.8,70,40,5.66,scattered clouds
420,Kavieng,-2.57,150.8,82.6,73,63,4.56,broken clouds
421,Saldanha,-33.01,17.94,69.8,37,0,6.93,clear sky
422,Daru,-9.08,143.21,76.69,84,45,8.12,scattered clouds
423,Mehamn,71.04,27.85,37.4,86,0,26.4,clear sky
424,Zhezkazgan,47.8,67.71,27.18,89,58,8.9,broken clouds
425,El Alto,-4.27,-81.21,78.8,54,40,20.8,scattered clouds
426,Bintulu,3.17,113.03,77.0,100,40,3.89,scattered clouds
427,Kyra,49.58,111.98,21.56,89,17,2.93,few clouds
428,Viedma,-40.81,-63.0,78.89,44,66,11.99,broken clouds
429,Erzurum,40.0,41.5,26.6,86,0,2.01,clear sky
430,Iracoubo,5.48,-53.2,81.99,78,100,10.76,overcast clouds
431,Swan River,52.11,-101.27,5.0,77,28,10.29,scattered clouds
432,Port Hedland,-20.32,118.57,77.0,65,5,10.29,clear sky
433,Panlaitan,12.12,119.85,81.7,82,93,13.65,light rain
434,San Luis,-33.3,-66.34,87.04,25,28,5.17,scattered clouds
435,Almansa,38.87,-1.1,57.99,75,89,3.98,overcast clouds
436,Olinda,-8.01,-34.86,80.6,74,40,8.05,scattered clouds
437,Hofn,64.25,-15.21,44.98,91,100,28.16,light rain
438,Margate,51.38,1.39,52.0,82,98,1.01,overcast clouds
439,Bukene,-4.23,32.88,71.15,68,22,0.87,light rain
440,Netarhat,23.48,84.27,62.29,78,88,0.54,overcast clouds
441,Lasa,46.62,10.7,39.99,57,5,0.58,clear sky
442,Malakal,9.53,31.66,81.88,38,1,4.63,clear sky
443,Dalvik,65.97,-18.53,37.4,74,90,5.82,overcast clouds
444,Aksarka,66.56,67.8,-4.88,92,87,8.46,overcast clouds
445,Morant Bay,17.88,-76.41,86.0,79,40,8.05,scattered clouds
446,Taltal,-25.4,-70.48,64.89,57,23,5.82,few clouds
447,Cape Coast,5.11,-1.25,80.29,81,11,7.29,few clouds
448,Kapit,2.02,112.93,74.41,95,96,1.3,light rain
449,Coolum Beach,-26.53,153.1,70.0,74,23,3.0,few clouds
450,Tuy Hoa,13.08,109.3,72.03,85,100,10.4,overcast clouds
451,Coos Bay,43.37,-124.22,51.01,87,75,9.17,broken clouds
452,Preobrazheniye,42.9,133.91,43.7,82,0,8.79,clear sky
453,Pozo Colorado,-23.49,-58.8,92.44,40,48,4.97,scattered clouds
454,Cananeia,-25.01,-47.93,75.54,80,100,4.5,overcast clouds
455,Mailsi,29.8,72.18,62.82,31,0,0.4,clear sky
456,Izumo,35.37,132.77,42.8,100,20,5.82,few clouds
457,Dhana,23.75,78.85,69.57,67,79,5.95,broken clouds
458,Bubaque,11.28,-15.83,84.69,72,0,9.37,clear sky
459,Leh,34.17,77.58,30.29,67,0,2.71,clear sky
460,Jizan,17.33,42.67,86.0,74,40,4.7,scattered clouds
461,Swiecie,53.41,18.45,44.01,77,86,7.52,overcast clouds
462,Kachiry,53.07,76.1,25.59,95,5,11.9,clear sky
463,Umkomaas,-30.21,30.8,67.68,73,96,11.5,overcast clouds
464,Hobyo,5.35,48.53,79.57,78,1,11.92,clear sky
465,Pokaran,26.92,71.92,69.8,24,0,6.71,heavy intensity rain
466,Inta,66.03,60.17,0.14,94,94,3.76,overcast clouds
467,Wasserburg,48.44,10.27,48.0,91,21,4.07,few clouds
468,Kardla,59.0,22.75,41.0,84,100,5.99,overcast clouds
469,George,-33.96,22.46,64.4,93,0,2.24,clear sky
470,Yingkou,40.66,122.23,43.66,57,0,12.12,clear sky
471,Vestmanna,62.16,-7.17,48.2,93,100,23.04,moderate rain
472,Arawa,-6.21,155.54,78.57,82,35,1.63,light rain
473,Pisco,-13.7,-76.22,68.0,82,0,11.41,clear sky
474,Puerto Colombia,10.99,-74.95,78.8,94,75,6.93,broken clouds
475,Pervomayskiy,53.25,40.29,34.0,76,29,7.09,scattered clouds
476,Atbasar,51.8,68.33,23.14,97,95,10.78,overcast clouds
477,Minturno,41.26,13.72,59.0,87,40,4.7,mist
478,Poshekhonye,58.5,39.14,29.79,98,55,5.32,broken clouds
479,Comodoro Rivadavia,-45.87,-67.5,80.6,21,75,13.87,broken clouds
480,Moree,-29.47,149.85,66.2,77,90,21.92,thunderstorm
481,Rabo De Peixe,37.8,-25.58,57.2,76,20,5.82,few clouds
482,Gamba,-2.65,10.0,77.94,90,100,3.2,light rain
483,Awbari,26.59,12.78,63.36,37,93,4.97,overcast clouds
484,Bozeman,45.68,-111.04,30.99,42,1,3.36,clear sky
485,Novouzensk,50.46,48.14,30.07,90,65,12.44,broken clouds
486,Imeni Poliny Osipenko,52.42,136.49,24.12,98,100,12.24,snow
487,Devesel,44.47,22.67,46.99,8,99,5.01,overcast clouds
488,Kumluca,36.37,30.29,66.52,54,0,3.78,clear sky
489,Winnemucca,40.97,-117.74,35.6,55,1,5.82,clear sky
490,Lagunas,-5.23,-75.68,83.05,66,100,4.41,overcast clouds
491,Pundri,29.75,76.55,63.16,30,0,2.8,clear sky
492,Puerto Ayacucho,5.66,-67.62,89.37,67,64,2.46,heavy intensity rain
493,Dunedin,-45.87,170.5,60.01,72,1,2.26,clear sky
494,Kavaratti,10.57,72.64,82.22,70,0,6.98,clear sky
495,Terrace,54.52,-128.6,33.8,100,90,3.36,fog
496,Abnub,27.27,31.15,75.2,38,0,9.17,clear sky
497,Aban,56.67,96.06,27.32,96,99,9.06,light snow
498,Simcoe,42.83,-80.3,48.99,42,0,3.36,clear sky
499,Batagay,67.63,134.63,-9.27,88,98,3.36,overcast clouds
500,Lodja,-3.48,23.43,72.48,85,100,0.69,overcast clouds
501,Santa Luzia,-19.77,-43.85,75.2,78,75,4.7,moderate rain
502,Sao Gabriel Da Cachoeira,-0.13,-67.09,92.46,52,97,3.0,overcast clouds
503,Moctezuma,29.8,-109.67,75.87,29,30,8.32,scattered clouds
504,Touros,-5.2,-35.46,82.4,65,40,14.99,scattered clouds
505,Mount Gambier,-37.83,140.77,53.6,93,75,6.93,broken clouds
506,Chapais,49.78,-74.85,33.8,64,75,5.82,broken clouds
507,Nishihara,26.18,127.76,71.6,88,90,19.46,light rain
508,Fonte Boa,-2.5,-66.27,91.83,52,81,1.68,broken clouds
509,Dezhou,37.45,116.29,46.65,52,0,7.31,clear sky
510,Guerrero Negro,27.98,-114.06,72.39,43,9,9.98,clear sky
511,Pimenta Bueno,-11.67,-61.19,96.71,32,7,2.04,clear sky
512,Oleksandrivka,48.96,32.23,34.97,84,96,6.58,overcast clouds
513,Barsovo,61.17,73.17,19.4,100,90,6.71,light snow
514,Letlhakane,-21.42,25.58,73.0,51,68,17.0,broken clouds
515,Ballangen,68.34,16.83,41.0,75,0,13.87,clear sky
516,Sinnamary,5.38,-52.95,82.35,77,96,10.27,overcast clouds
517,Rawson,-43.3,-65.1,74.91,27,2,8.23,clear sky
518,Imperia,43.97,7.78,59.0,93,40,2.24,scattered clouds
519,Vestmannaeyjar,63.44,-20.27,44.74,77,31,15.32,scattered clouds
520,Moranbah,-22.0,148.05,68.29,68,1,2.13,clear sky
521,Khakhea,-24.69,23.49,78.24,35,2,14.32,clear sky
522,Chik,54.99,82.43,26.6,92,90,11.18,light snow
523,Manokwari,-0.87,134.08,79.12,75,100,2.93,overcast clouds
524,Itaituba,-4.28,-55.98,93.2,56,20,5.82,few clouds
525,Fort Nelson,58.81,-122.7,3.2,84,75,1.19,broken clouds
526,Shuya,56.85,41.39,29.16,97,7,6.08,clear sky
527,Avera,33.19,-82.53,80.6,78,90,8.05,overcast clouds
528,Mayskiy,47.69,40.1,30.2,80,0,4.47,clear sky
529,Tignere,7.37,12.65,70.84,47,95,2.86,overcast clouds
530,Hede,33.77,120.25,51.39,87,0,0.85,clear sky
531,Nkan,0.38,9.78,80.6,83,40,5.82,scattered clouds
532,Raudeberg,61.99,5.14,55.99,58,100,14.58,overcast clouds
533,Burnie,-41.07,145.92,55.0,90,21,5.01,few clouds
534,Qasigiannguit,68.82,-51.19,24.8,79,90,20.8,light shower snow
535,Alekseyevka,50.63,38.69,32.04,92,66,3.62,broken clouds
536,Le Port,-20.94,55.29,71.6,73,0,5.82,clear sky
537,Lata,40.16,-8.33,62.6,77,0,2.24,clear sky
538,Iquitos,-3.75,-73.25,84.2,74,75,5.82,light rain
539,Mhango,-3.28,32.85,69.75,75,3,3.71,light rain
540,Binga,-17.62,27.34,76.55,68,91,3.91,overcast clouds
541,Tessalit,20.2,1.01,72.16,21,0,6.96,clear sky
542,San Luis De La Paz,21.3,-100.52,82.99,30,0,1.01,clear sky
543,Sovetskiy,61.36,63.58,23.36,94,95,10.2,overcast clouds
544,Barra Dos Coqueiros,-10.91,-37.04,82.4,65,20,13.87,few clouds
545,Vilyuysk,63.76,121.62,19.65,98,100,4.83,snow
546,Gillette,44.29,-105.5,30.99,42,1,8.57,clear sky
547,Scranton,41.41,-75.66,46.4,65,75,12.75,broken clouds
548,Sokolo,14.73,-6.12,81.16,16,0,10.22,clear sky
549,Meiganga,6.52,14.3,71.33,53,6,4.7,clear sky
550,Trincomalee,8.57,81.23,82.13,80,100,9.04,moderate rain
551,Slavyanka,42.86,131.38,43.77,68,3,10.51,clear sky
552,Marathon,44.9,-89.77,46.0,67,20,6.93,few clouds
553,Lianzhou,24.78,112.38,55.04,64,0,3.6,clear sky
554,Ust-Nera,64.57,143.2,-18.06,79,51,1.9,broken clouds
555,Smithers,54.78,-127.17,33.8,69,75,2.24,broken clouds
556,Cortland,42.6,-76.08,43.0,70,40,4.7,scattered clouds
557,Pontes E Lacerda,-15.23,-59.34,85.89,57,41,6.17,light rain
558,Marsa Matruh,31.35,27.25,64.4,72,40,5.82,scattered clouds
559,Sirnach,47.46,9.0,46.99,77,73,1.01,broken clouds
560,San Policarpo,12.18,125.51,81.41,84,88,6.53,overcast clouds
561,Pavlodar,52.3,76.95,15.8,85,40,6.71,scattered clouds
562,Yataity Del Norte,-24.83,-56.35,87.4,46,54,4.56,broken clouds
563,Clarksburg,39.28,-80.34,51.01,70,1,6.93,clear sky
564,Jiutai,44.15,125.83,33.8,55,0,6.71,clear sky
565,Nichinan,31.6,131.37,56.23,71,8,4.79,clear sky
566,Casas Grandes,30.37,-107.95,71.06,21,11,1.81,few clouds
567,Hammerfest,70.66,23.68,37.4,74,0,8.05,clear sky
568,Amposta,40.71,0.58,53.01,93,100,1.01,overcast clouds
569,Singkang,2.1,102.8,78.8,94,20,4.7,few clouds
570,Goderich,43.75,-81.72,46.4,61,0,8.05,clear sky
571,Siverek,37.76,39.32,53.6,50,0,6.93,clear sky
572,Atambua,-9.11,124.89,74.86,78,44,1.19,scattered clouds
573,Cumpas,29.98,-109.78,74.89,28,9,9.35,clear sky
574,Canico,32.63,-16.85,68.0,72,20,2.24,few clouds
575,Artvin,41.17,41.83,51.8,87,40,11.41,scattered clouds
576,Sasaguri,33.62,130.53,48.2,93,0,3.36,clear sky
577,Upata,8.01,-62.4,82.6,76,32,4.05,light rain
578,Maneadero,31.72,-116.57,66.0,69,3,4.0,clear sky
579,Namie,37.48,141.0,34.0,96,0,3.29,clear sky
580,Belem De Sao Francisco,-8.75,-38.97,93.69,23,1,9.22,clear sky
581,Pokhara,28.23,83.98,60.98,32,0,4.21,clear sky
582,Uruguaiana,-29.75,-57.09,84.2,39,20,6.93,few clouds
583,Richards Bay,-28.78,32.04,63.52,76,0,3.94,clear sky
584,Galle,6.04,80.22,78.55,84,100,2.62,overcast clouds
585,Las Vegas,36.17,-115.14,64.99,19,1,3.36,clear sky
586,Beloha,-25.17,45.05,70.02,80,51,7.16,broken clouds
587,Kaitangata,-46.28,169.85,60.01,72,98,4.45,overcast clouds
588,Kattivakkam,13.22,80.32,77.0,94,90,3.36,light intensity drizzle
589,Bacalar,18.67,-88.38,86.0,66,75,3.36,broken clouds
590,Qena,26.16,32.72,69.8,46,0,3.36,clear sky
591,Ayagoz,47.97,80.44,28.15,85,100,6.31,overcast clouds
592,Xining,36.62,101.77,38.05,75,100,1.72,overcast clouds
593,Esperance,-33.87,121.9,51.8,87,29,9.17,scattered clouds
594,Msanga,-6.05,36.03,74.7,64,25,6.91,light rain
595,Antalaha,-14.9,50.28,75.22,81,84,2.53,broken clouds
596,Polunochnoye,60.87,60.42,18.21,94,100,11.14,overcast clouds
597,Amuntai,-2.42,115.25,75.6,88,24,1.83,few clouds
598,Okhotsk,59.38,143.3,7.41,86,53,10.09,broken clouds
599,Odweyne,9.41,45.06,69.8,24,4,11.32,clear sky
600,Kailua,21.4,-157.74,80.6,61,20,13.87,few clouds
601,Sivas,39.79,37.0,35.6,74,0,2.24,clear sky
602,Chicama,-7.84,-79.15,66.2,77,20,16.11,mist
603,Remanso,-9.62,-42.08,85.01,50,16,3.18,few clouds
604,Launceston,-41.45,147.17,55.0,87,75,13.87,broken clouds
605,Nyazepetrovsk,56.05,59.6,24.13,97,100,8.57,light snow
606,Parrita,9.52,-84.32,78.8,78,40,9.17,scattered clouds
607,Narayanganj,23.62,90.5,78.8,74,0,5.44,haze
608,Sistranda,63.73,8.83,48.2,66,0,13.87,clear sky
609,Stanger,-29.33,31.29,68.0,72,90,5.82,overcast clouds
610,Oktyabrskoye,43.06,44.74,23.0,92,0,6.71,clear sky
611,Volnovakha,47.6,37.5,36.0,53,45,5.99,scattered clouds
612,Caravelas,-17.71,-39.25,77.77,72,83,11.1,broken clouds
613,Coria,39.99,-6.54,54.23,72,93,4.29,overcast clouds
614,Bokhan,53.15,103.77,27.5,93,1,8.63,clear sky
615,Manggar,-2.88,108.27,80.19,81,98,1.81,overcast clouds
616,Mayya,61.73,130.28,9.05,84,75,6.71,broken clouds
617,Scarborough,54.28,-0.4,50.0,83,58,3.0,broken clouds
618,Huarmey,-10.07,-78.15,70.21,64,18,11.74,few clouds
619,Santa Rosalia,27.32,-112.28,69.58,52,0,7.45,clear sky
620,Klyuchi,52.27,79.17,26.31,97,93,12.19,overcast clouds
621,Mandalgovi,45.76,106.27,28.44,78,0,6.87,clear sky
622,Petropavlovsk-Kamchatskiy,53.05,158.65,23.0,79,0,6.71,clear sky
623,Pocoes,-14.53,-40.37,74.66,68,0,3.38,clear sky
624,Raul Soares,-20.1,-42.45,79.3,79,100,6.22,moderate rain
625,Guangzhou,23.12,113.25,68.0,42,0,13.42,clear sky
626,Darhan,49.49,105.92,29.98,83,46,6.71,scattered clouds
627,Engen,47.85,8.77,48.0,68,39,1.99,scattered clouds
628,Santa Isabel Do Rio Negro,-0.41,-65.02,92.43,50,58,3.49,broken clouds
629,Baghdad,33.34,44.4,64.4,55,0,4.7,clear sky
630,Bloemfontein,-29.12,26.21,68.0,49,5,6.93,clear sky
631,Bela,25.93,81.98,72.27,48,0,6.11,clear sky
632,Saint-Georges,12.06,-61.75,80.6,88,75,8.05,shower rain
633,Sao Domingos Do Maranhao,-5.58,-44.39,82.99,65,84,5.21,broken clouds
634,Yumen,40.28,97.2,31.14,74,20,7.52,few clouds
635,Nurota,40.56,65.69,26.6,68,0,2.24,clear sky
636,San Jose,37.34,-121.89,64.0,54,40,2.91,haze
637,Muroto,33.28,134.15,65.35,75,95,17.0,overcast clouds
638,Taupo,-38.68,176.08,52.0,91,56,2.06,broken clouds
639,Bar Harbor,44.39,-68.2,52.0,57,90,5.82,overcast clouds
640,Kresek,-6.13,106.38,82.0,83,40,4.7,haze
641,Galveston,29.37,-94.97,78.8,54,1,9.17,clear sky
642,San Francisco,37.77,-122.42,59.0,66,20,5.41,few clouds
643,Port Blair,11.67,92.75,81.1,79,41,14.94,scattered clouds
644,Mianyang,31.46,104.75,65.46,57,100,1.57,overcast clouds
645,Hirara,24.8,125.28,75.65,86,100,21.85,light rain
646,Puerto Madryn,-42.77,-65.04,70.36,37,0,13.96,clear sky
647,Borovskoy,53.8,64.15,25.74,86,98,13.24,overcast clouds
648,Abapo,-18.83,-63.47,80.11,68,60,1.57,moderate rain
649,Tumpat,6.2,102.17,77.0,94,20,3.36,few clouds
650,Reshetnikovo,56.45,36.57,35.28,98,100,3.53,overcast clouds
651,Manakara,-22.13,48.02,70.75,91,2,6.02,light rain
652,Biak,-0.91,122.88,77.94,81,44,0.81,scattered clouds
653,Labuhan,-6.88,112.21,82.13,78,98,5.44,overcast clouds
654,Salinopolis,-0.61,-47.36,82.6,75,65,11.27,broken clouds
655,Arkhara,49.42,130.08,21.36,97,100,14.74,light snow
656,Mazyr,52.05,29.25,37.72,82,100,8.59,overcast clouds
657,Gondanglegi,-7.75,112.01,77.56,79,57,1.63,broken clouds
658,Puerto Cabezas,14.04,-83.39,87.8,79,75,9.17,haze
659,Decatur,39.84,-88.95,54.0,46,1,12.75,clear sky
660,Tonj,7.27,28.68,78.48,44,50,2.26,scattered clouds
661,Yenagoa,4.92,6.26,78.37,88,70,3.18,broken clouds
662,Nizwa,22.93,57.53,65.93,35,0,0.54,clear sky
663,Krasnyy Chikoy,50.36,108.75,22.3,91,60,3.78,broken clouds
664,Demyansk,57.64,32.47,37.53,96,100,2.71,overcast clouds
665,Dinar,38.06,30.17,46.4,61,0,4.7,clear sky
666,Masindi,1.67,31.71,65.28,92,37,1.23,scattered clouds
667,Korla,41.76,86.15,34.29,68,0,0.67,clear sky
668,Aswan,24.09,32.91,68.32,33,0,11.54,clear sky
669,Nouakchott,18.09,-15.98,87.8,10,48,6.93,scattered clouds
670,Amapa,1.0,-52.0,79.2,85,100,6.96,very heavy rain
671,Cockburn Town,21.46,-71.14,81.79,76,19,25.59,few clouds
672,Antofagasta,-23.65,-70.4,66.2,59,20,14.99,few clouds
673,Nizhneangarsk,55.78,109.55,26.13,93,60,3.27,broken clouds
674,Coihueco,-36.62,-71.83,77.0,38,0,6.93,clear sky
675,Skibbereen,51.55,-9.27,51.8,93,75,24.16,broken clouds
676,Hualmay,-11.1,-77.61,69.03,67,74,10.18,broken clouds
677,Lebedyn,50.59,34.48,30.96,92,100,3.31,overcast clouds
678,Doha,25.29,51.53,82.4,74,0,6.93,clear sky
679,Magadan,59.57,150.8,3.74,84,0,6.96,clear sky
680,Shwebo,22.57,95.7,68.32,86,0,5.19,clear sky
681,Banjar,-8.19,114.97,82.4,83,40,2.24,scattered clouds
682,Nizhniy Lomov,53.53,43.68,29.62,96,65,10.67,broken clouds
683,Roseto Degli Abruzzi,42.67,14.02,54.0,93,100,2.24,overcast clouds
684,Muravlenko,63.79,74.52,1.17,94,90,7.27,overcast clouds
685,Tortoli,39.93,9.66,64.4,88,40,2.24,scattered clouds
686,Chipinge,-20.19,32.62,62.15,94,55,7.56,light rain
687,Vredendal,-31.67,18.5,77.23,26,0,3.15,clear sky
688,Skagen,57.72,10.58,45.0,89,100,13.0,overcast clouds
689,Kaeo,-35.1,173.78,61.0,80,1,4.0,clear sky
690,Sarakhs,36.54,61.16,48.2,100,100,2.24,overcast clouds
691,Sagopshi,43.48,44.59,23.0,92,0,6.71,clear sky
692,Severo-Yeniseyskiy,60.37,93.04,13.53,97,100,4.65,overcast clouds
693,Hovd,48.01,91.64,31.41,76,11,3.71,few clouds
694,Sungaipenuh,-2.08,101.38,64.29,93,99,3.65,overcast clouds
695,Nanortalik,60.14,-45.24,30.13,91,100,3.58,overcast clouds
696,Galdar,28.15,-15.65,71.6,83,0,11.41,clear sky
697,Tuburan,6.64,122.27,81.12,76,54,1.5,broken clouds
698,Kaniama,-7.57,24.18,67.62,95,96,3.22,light rain
699,Egvekinot,66.32,-179.17,18.64,94,100,21.16,overcast clouds
700,Villa Maria,-32.41,-63.24,93.0,29,46,1.99,scattered clouds
701,Pokhvistnevo,53.65,52.13,28.56,90,100,6.93,overcast clouds
702,Port Lincoln,-34.73,135.87,53.67,75,9,11.25,clear sky
703,Ca Mau,9.18,105.15,76.86,90,100,5.48,overcast clouds
704,Burns Lake,54.23,-125.75,32.0,89,100,2.24,overcast clouds
